[Header],,,,,,,
IEMFileVersion,4,,,,,,
Investigator Name,Aviad_Zik,,,,,,
Experiment Name,Aviad_Zik_3,,,,,,
Date,02/03/2015,,,,,,
Workflow,GenerateFASTQ,,,,,,
Application,NextSeq FASTQ Only,,,,,,
Assay,TruSeq LT,,,,,,
Description,,,,,,,
Chemistry,Default,,,,,,
,,,,,,,
[Reads],,,,,,,
42,,,,,,,
42,,,,,,,
,,,,,,,
[Settings],,,,,,,
Adapter,AGATCGGAAGAGCACACGTCTGAACTCCAGTCA,,,,,,
AdapterRead2,AGATCGGAAGAGCGTCGTGTAGGGAAAGAGTGT,,,,,,
,,,,,,,
[Data],,,,,,,
Sample_ID,Sample_Name,Sample_Plate,Sample_Well,I7_Index_ID,index,Sample_Project,Description
Eden_Doc_Minus,Eden_Doc_Minus,,,A002,ACATTA,,
Eden_Doc_Plus,Eden_Doc_Plus,,,A003,GAACCT,,
