[Header],,,,,,,,,
IEMFileVersion,4,,,,,,,,
Investigator Name,Miri,,,,,,,,
Experiment Name,Miri_C1,,,,,,,,
Date,02/04/2015,,,,,,,,
Workflow,GenerateFASTQ,,,,,,,,
Application,NextSeq FASTQ Only,,,,,,,,
Assay,Nextera XT,,,,,,,,
Description,,,,,,,,,
Chemistry,Amplicon,,,,,,,,
,,,,,,,,,
[Reads],,,,,,,,,
75,,,,,,,,,

,,,,,,,,,
[Settings],,,,,,,,,
Adapter,CTGTCTCTTATACACATCT,,,,,,,,
,,,,,,,,,
[Data],,,,,,,,,
Sample_ID,Sample_Name,Sample_Plate,Sample_Well,I7_Index_ID,index,I5_Index_ID,index2,Sample_Project,Description
1,1_C09,,,N701,TAAGGCGA,S501,GCGATCTA,,
2,1_C15,,,N702,CGTACTAG,S501,GCGATCTA,,
3,negative1,,,N703,AGGCAGAA,S501,GCGATCTA,,
4,1_C37,,,N704,TCCTGAGC,S501,GCGATCTA,,
5,1_C20,,,N705,GGACTCCT,S501,GCGATCTA,,
6,1_C32,,,N706,TAGGCATG,S501,GCGATCTA,,
7,1_C38,,,N707,CTCTCTAC,S501,GCGATCTA,,
8,1_C44,,,N708,CAGAGAGG,S501,GCGATCTA,,
9,1_C19,,,N701,TAAGGCGA,S502,ATAGAGAG,,
10,1_C27,,,N702,CGTACTAG,S502,ATAGAGAG,,
11,negative2,,,N703,AGGCAGAA,S502,ATAGAGAG,,
12,1_C67,,,N704,TCCTGAGC,S502,ATAGAGAG,,
13,1_C75,,,N705,GGACTCCT,S502,ATAGAGAG,,
14,1_C81,,,N706,TAGGCATG,S502,ATAGAGAG,,
15,1_C87,,,N707,CTCTCTAC,S502,ATAGAGAG,,
16,1_C93,,,N708,CAGAGAGG,S502,ATAGAGAG,,
17,1_C50,,,N701,TAAGGCGA,S504,TCTACTCT,,
18,1_C68,,,N702,CGTACTAG,S504,TCTACTCT,,
19,1_C74,,,N703,AGGCAGAA,S504,TCTACTCT,,
20,1_C80,,,N704,TCCTGAGC,S504,TCTACTCT,,
21,1_C86,,,N705,GGACTCCT,S504,TCTACTCT,,
22,1_C63,,,N706,TAGGCATG,S504,TCTACTCT,,
23,1_C69,,,N707,CTCTCTAC,S504,TCTACTCT,,
24,1_C85,,,N708,CAGAGAGG,S504,TCTACTCT,,
25,1_C12,,,N701,TAAGGCGA,S505,CTCCTTAC,,
26,1_C28,,,N702,CGTACTAG,S505,CTCCTTAC,,
27,1_C34,,,N703,AGGCAGAA,S505,CTCCTTAC,,
28,1_C46,,,N704,TCCTGAGC,S505,CTCCTTAC,,
29,Negative3,,,N705,GGACTCCT,S505,CTCCTTAC,,
30,1_C47,,,N706,TAGGCATG,S505,CTCCTTAC,,
31,1_C10,,,N707,CTCTCTAC,S505,CTCCTTAC,,
32,1_C16,,,N708,CAGAGAGG,S505,CTCCTTAC,,
33,1_C48,,,N701,TAAGGCGA,S506,TATGCAGT,,
34,1_C64,,,N702,CGTACTAG,S506,TATGCAGT,,
35,1_C70,,,N703,AGGCAGAA,S506,TATGCAGT,,
36,1_C78,,,N704,TCCTGAGC,S506,TATGCAGT,,
37,1_C84,,,N705,GGACTCCT,S506,TATGCAGT,,
38,1_C90,,,N706,TAGGCATG,S506,TATGCAGT,,
39,1_C59,,,N707,CTCTCTAC,S506,TATGCAGT,,
40,1_C71,,,N708,CAGAGAGG,S506,TATGCAGT,,
41,1_C77,,,N701,TAAGGCGA,S507,TACTCCTT,,
42,1_C83,,,N702,CGTACTAG,S507,TACTCCTT,,
43,1_C89,,,N703,AGGCAGAA,S507,TACTCCTT,,
44,1_C66,,,N704,TCCTGAGC,S507,TACTCCTT,,
45,1_C72,,,N705,GGACTCCT,S507,TACTCCTT,,
46,1_C76,,,N706,TAGGCATG,S507,TACTCCTT,,
47,Negative4,,,N707,CTCTCTAC,S507,TACTCCTT,,
48,1_C94,,,N708,CAGAGAGG,S507,TACTCCTT,,
